{
  	"sumário": {
  			"1":"Fundamentos de uma Família Cristã",
  			"2":"A Responsabilidade dos Pais na Educação Espiritual",
  			"3":"O Amor Ágape na Família",
  			"4":"Honrando Pais e Avós",
  			"5":"O Casamento Segundo o Plano de Deus",
  			"6":"A Importância da Comunicação na Família",
  			"7":"Disciplina com Amor",
  			"8":"Permanecendo Firme em Tempos de Crise Familiar",
  			"9":"O Papel dos Filhos na Família",
  			"10":"Priorizando o Tempo em Família",
  			"11":"O Exemplo dos Pais na Vida dos Filhos",
  			"12":"Construindo Relacionamentos Saudáveis no Casamento",
  			"13":"Pais Espirituais e Mentores na Família",
  			"14":"A Importância da Gratidão na Família",
  			"15":"Lidando com Conflitos Familiares de Forma Saudável",
  			"16":"A Família como Um Time",
  			"17":"Criando um Ambiente de Amor e Segurança no Lar",
  			"18":"A Bênção da Unidade Familiar",
  			"19":"A Influência dos Meios de Comunicação na Família",
  			"20":"Pais como Modelos de Oração",
  			"21":"A Importância do Perdão na Família",
  			"22":"O Desafio de Criar Filhos no Mundo Atual",
  			"23":"A Sabedoria dos Provérbios na Vida Familiar",
  			"24":"O Propósito Divino do Casamento",
  			"25":"A Família como Ambiente de Discipulado",
  			"26":"O Papel dos Avós na Família",
  			"27":"A Família como Espelho da Igreja",
  			"28":"O Poder da Oração em Família",
  			"29":"O Cuidado com a Palavra de Deus na Família",
  			"30":"Cultivando a Paciência em Família",
  			"31":"Valorizando a Individualidade em Família",
  			"32":"O Exemplo de Jesus na Família",
  			"33":"Superando as Dificuldades Financeiras em Família",
  			"34":"O Papel dos Filhos Adultos na Família",
  			"35":"A Responsabilidade de Ensinar os Filhos sobre Sexualidade",
  			"36":"Mantendo a Chama do Romance no Casamento",
  			"37":"A Importância da Compaixão em Família",
  			"38":"A Família como Lugar de Perdão e Reconciliação",
  			"39":"Enfrentando Desafios na Criação dos Filhos",
  			"40":"Valorizando o Tempo em Família",
  			"41":"A Importância da Adoração em Família",
  			"42":"Superando a Pressão Social na Família",
  			"43":"Construindo Relacionamentos Saudáveis entre Irmãos",
  			"44":"A Família como Base de Apoio Espiritual",
  			"45":"A Importância da Rotina e Disciplina na Família",
  			"46":"A Família como Lugar de Encorajamento",
  			"47":"Nutrindo a Espiritualidade Infantil",
  			"48":"Enfrentando as Pressões da Sociedade Moderna na Família",
  			"49":"A Importância do Respeito Mútuo na Família",
  			"50":"A Família como Farol de Esperança"
  	},
  	"referencias": {
  		"textual":{
  		   	"1":"Fundamentos de uma Família Cristã Texto base: Salmo 127:1 Ideias principais: Importância de edificar a família sobre os princípios da Palavra de Deus.",
  		   	"2":"A Responsabilidade dos Pais na Educação Espiritual Texto base: Deuteronômio 6:4-9 Ideias principais: O papel dos pais em transmitir a fé aos seus filhos e educá-los no caminho do Senhor.",
  		   	"3":"O Amor Ágape na Família Texto base: 1 Coríntios 13:4-8 Ideias principais: A importância do amor incondicional e sacrificial entre os membros da família.",
  		   	"4":"Honrando Pais e Avós Texto base: Êxodo 20:12 Ideias principais: O mandamento bíblico de honrar pai e mãe e sua aplicação prática na vida familiar.",
  		   	"5":"O Casamento Segundo o Plano de Deus Texto base: Gênesis 2:24 Ideias principais: A visão bíblica do casamento como uma aliança sagrada entre um homem e uma mulher.",
  		   	"6":"A Importância da Comunicação na Família Texto base: Provérbios 18:21 Ideias principais: Como a comunicação saudável fortalece os relacionamentos familiares.",
  		   	"7":"Disciplina com Amor Texto base: Provérbios 22:6 Ideias principais: A importância de disciplinar os filhos com amor e sabedoria,conforme ensinado pela Palavra de Deus.",
  		   	"8":"Permanecendo Firme em Tempos de Crise Familiar Texto base: Salmo 46:1-3 Ideias principais: Como enfrentar as crises familiares com fé,confiando na proteção e provisão de Deus.",
  		   	"9":"O Papel dos Filhos na Família Texto base: Efésios 6:1-3 Ideias principais: A responsabilidade dos filhos em obedecer e honrar seus pais.",
  		   	"10":"Priorizando o Tempo em Família Texto base: Eclesiastes 3:1 Ideias principais: A importância de reservar tempo de qualidade em família e construir memórias significativas juntos.",
  		   	"11":"O Exemplo dos Pais na Vida dos Filhos Texto base: Provérbios 20:7 Ideias principais: Como os pais podem ser um exemplo positivo e influente para seus filhos.",
  		   	"12":"Construindo Relacionamentos Saudáveis no Casamento Texto base: Efésios 5:22-33 Ideias principais: Princípios bíblicos para fortalecer e nutrir o relacionamento conjugal.",
  		   	"13":"Pais Espirituais e Mentores na Família Texto base: Tito 2:3-5 Ideias principais: A importância de ter pais espirituais e mentores na família,tanto para os pais quanto para os filhos,e como esse relacionamento pode promover o crescimento espiritual.",
  		   	"14":"A Importância da Gratidão na Família Texto base: 1 Tessalonicenses 5:18 Ideias principais: Como cultivar uma atitude de gratidão em família e reconhecer as bênçãos de Deus em nossas vidas.",
  		   	"15":"Lidando com Conflitos Familiares de Forma Saudável Texto base: Efésios 4:26-27,31-32 Ideias principais: Como resolver conflitos familiares de maneira amorosa,buscando a reconciliação e o perdão.",
  		   	"16":"A Família como Um Time Texto base: Eclesiastes 4:9-12 Ideias principais: A importância de trabalhar em equipe dentro da família,apoiando e encorajando uns aos outros.",
  		   	"17":"Criando um Ambiente de Amor e Segurança no Lar Texto base: 1 Pedro 4:8-9 Ideias principais: Como construir um lar onde o amor prevalece e todos se sintam seguros e amados.",
  		   	"18":"A Bênção da Unidade Familiar Texto base: Salmo 133:1 Ideias principais: Como buscar a unidade em família e os benefícios espirituais e emocionais que ela traz.",
  		   	"19":"A Influência dos Meios de Comunicação na Família Texto base: Filipenses 4:8 Ideias principais: Como discernir e filtrar a influência dos meios de comunicação para proteger e fortalecer a família.",
  		   	"20":"Pais como Modelos de Oração Texto base: Mateus 6:9-13 Ideias principais: O papel dos pais em ensinar e modelar a oração em família.",
  		   	"21":"A Importância do Perdão na Família Texto base: Colossenses 3:13 Ideias principais: Como o perdão é essencial para manter relacionamentos saudáveis e restaurar a harmonia familiar.",
  		   	"22":"O Desafio de Criar Filhos no Mundo Atual Texto base: Provérbios 22:6 Ideias principais: Estratégias para criar filhos à luz dos valores bíblicos em meio aos desafios da sociedade atual.",
  		   	"23":"A Sabedoria dos Provérbios na Vida Familiar Texto base: Provérbios 1:7 Ideias principais: Como a sabedoria encontrada nos Provérbios pode guiar e direcionar a família.",
  		   	"24":"O Propósito Divino do Casamento Texto base: Gênesis 2:18 Ideias principais: Compreender o propósito de Deus ao criar o casamento e como isso impacta a família.",
  		   	"25":"A Família como Ambiente de Discipulado Texto base: Deuteronômio 11:19 Ideias principais: Como a família pode se tornar um lugar de discipulado,onde os princípios e valores do Reino de Deus são ensinados e vividos.",
  		   	"26":"O Papel dos Avós na Família Texto base: Provérbios 17:6 Ideias principais: A influência e o papel dos avós na formação e no desenvolvimento dos netos.",
  		   	"27":"A Família como Espelho da Igreja Texto base: Efésios 2:19-22 Ideias principais: Como a dinâmica da família pode refletir os princípios de comunhão,serviço e amor encontrados na igreja.",
  		   	"28":"O Poder da Oração em Família Texto base: Tiago 5:16 Ideias principais: A importância da oração em família e como ela fortalece os vínculos espirituais.",
  		   	"29":"O Cuidado com a Palavra de Deus na Família Texto base: Deuteronômio 11:18-20 Ideias principais: A necessidade de meditar e ensinar a Palavra de Deus em família,tornando-a a base de sabedoria e direção.",
  		   	"30":"Cultivando a Paciência em Família Texto base: Colossenses 3:12-13 Ideias principais: Como desenvolver a paciência mútua nos relacionamentos familiares e como isso fortalece os laços familiares.",
  		   	"31":"Valorizando a Individualidade em Família Texto base: Salmo 139:13-14 Ideias principais: Como valorizar e respeitar a individualidade de cada membro da família,reconhecendo a obra de Deus em cada um.",
  		   	"32":"O Exemplo de Jesus na Família Texto base: Filipenses 2:5-8 Ideias principais: Como seguir o exemplo de Jesus em amor,serviço e humildade na vida familiar.",
  		   	"33":"Superando as Dificuldades Financeiras em Família Texto base: Filipenses 4:19 Ideias principais: Princípios bíblicos para lidar com as dificuldades financeiras em família e confiar na provisão de Deus.",
  		   	"34":"O Papel dos Filhos Adultos na Família Texto base: Êxodo 20:12 Ideias principais: Como os filhos adultos podem honrar e cuidar de seus pais à medida que envelhecem.",
  		   	"35":"A Responsabilidade de Ensinar os Filhos sobre Sexualidade Texto base: Gênesis 1:27 Ideias principais: A importância de ensinar a verdade bíblica sobre a sexualidade aos filhos,em um contexto de amor e respeito.",
  		   	"36":"Mantendo a Chama do Romance no Casamento Texto base: Cantares 1:2 Ideias principais: Como nutrir o romance e a intimidade conjugal ao longo do casamento.",
  		   	"37":"A Importância da Compaixão em Família Texto base: Colossenses 3:12 Ideias principais: Como cultivar a compaixão em família,demonstrando empatia,cuidado e serviço aos outros membros.",
  		   	"38":"A Família como Lugar de Perdão e Reconciliação Texto base: Efésios 4:32 Ideias principais: Como promover o perdão e a reconciliação dentro da família,seguindo o exemplo de Cristo.",
  		   	"39":"Enfrentando Desafios na Criação dos Filhos Texto base: Provérbios 22:6 Ideias principais: Estratégias e princípios bíblicos para lidar com desafios comuns na criação dos filhos.",
  		   	"40":"Valorizando o Tempo em Família Texto base: Efésios 5:16 Ideias principais: Como priorizar e aproveitar o tempo em família,criando momentos significativos e fortalecendo os laços familiares.",
  		   	"41":"A Importância da Adoração em Família Texto base: Josué 24:15 Ideias principais: Como cultivar um ambiente de adoração em família,buscando a Deus juntos e louvando-O em unidade.",
  		   	"42":"Superando a Pressão Social na Família Texto base: Romanos 12:2 Ideias principais: Como resistir à pressão social e cultural,buscando a vontade de Deus em todas as decisões familiares.",
  		   	"43":"Construindo Relacionamentos Saudáveis entre Irmãos Texto base: Provérbios 17:17 Ideias principais: Como promover a harmonia e o respeito mútuo entre irmãos,cultivando relacionamentos saudáveis.",
  		   	"44":"A Família como Base de Apoio Espiritual Texto base: Hebreus 10:24-25 Ideias principais: Como a família pode ser um suporte espiritual,encorajando e fortalecendo uns aos outros na fé.",
  		   	"45":"A Importância da Rotina e Disciplina na Família Texto base: Provérbios 29:17 Ideias principais: Como estabelecer rotinas e disciplina saudáveis na família,promovendo a ordem e o crescimento pessoal.",
  		   	"46":"A Família como Lugar de Encorajamento Texto base: 1 Tessalonicenses 5:11 Ideias principais: Como incentivar,apoiar e encorajar uns aos outros na família,fortalecendo os laços de amor.",
  		   	"47":"Nutrindo a Espiritualidade Infantil Texto base: Provérbios 22:6 Ideias principais: Como desenvolver a espiritualidade das crianças,ensinando-as e guiando-as no caminho de Deus.",
  		   	"48":"Enfrentando as Pressões da Sociedade Moderna na Família Texto base: 1 João 2:15-17 Ideias principais: Como resistir às influências negativas da sociedade moderna.",
  		   	"49":"A Importância do Respeito Mútuo na Família Texto base: Efésios 5:33 Ideias principais: Como cultivar o respeito mútuo entre os membros da família,reconhecendo o valor e a dignidade de cada pessoa.",
  		   	"50":"A Família como Farol de Esperança Texto base: Mateus 5:14-16 Ideias principais: Como a família pode brilhar como um exemplo de esperança e fé em meio a um mundo em necessidade."
  		},
  		"biblicas": {
  			"1":"Efésios 6:4","2":"Provérbios 22:6","3":"1 João 4:7-8","4":"Êxodo 20:12","5":"Gênesis 2:24","6":"Efésios 4:29","7":"Hebreus 12:11","8":"Salmo 46:1","9":"Efésios 6:1-3","10":"Efésios 5:15-16","11":"Provérbios 22:6","12":"Efésios 5:25-33","13":"1 Tessalonicenses 5:12-13","14":"1 Tessalonicenses 5:18","15":"Efésios 4:26-27,31-32","16":"Eclesiastes 4:9-12","17":"1 Pedro 4:8-9","18":"Salmo 133:1","19":"Filipenses 4:8","20":"Mateus 6:9-13","21":"Colossenses 3:13","22":"Provérbios 22:6","23":"Provérbios 1:7","24":"Gênesis 2:18","25":"Deuteronômio 11:19","26":"Provérbios 17:6","27":"Efésios 2:19-22","28":"Tiago 5:16","29":"Deuteronômio 11:18-20","30":"Colossenses 3:12-13","31":"Salmo 139:13-14","32":"Filipenses 2:5-8","33":"Filipenses 4:19","34":"Êxodo 20:12","35":"Gênesis 1:27","36":"Cantares 1:2","37":"Colossenses 3:12","38":"Efésios 4:32","39":"Provérbios 22:6","40":"Efésios 5:16","41":"Josué 24:15","42":"Romanos 12:2","43":"Provérbios 17:17","44":"Hebreus 10:24-25","45":"Provérbios 29:17","46":"1 Tessalonicenses 5:11","47":"Provérbios 22:6","48":"1 João 2:15-17","49":"Efésios 5:33","50":"Mateus 5:14-16"
  		}
  	}
}
